x,y,layer1_gray,layer2_gray,layer3_gray,trilayer_gray
4,319,53.68000030517578,6.480000019073486,210.16000366210938,148.1199951171875
863,792,162.24000549316406,123.36000061035156,12.15999984741211,162.9600067138672
933,792,114.08000183105469,50.47999954223633,16.079999923706055,99.12000274658203
224,524,6.239999771118164,50.880001068115234,17.559999465942383,41.0
262,899,49.52000045776367,4.0,33.47999954223633,47.52000045776367
981,405,62.599998474121094,3.359999895095825,42.63999938964844,59.560001373291016
424,891,182.16000366210938,4.0,232.27999877929688,229.1999969482422
579,969,238.55999755859375,41.63999938964844,36.599998474121094,173.44000244140625
52,340,4.0,218.9199981689453,8.039999961853027,126.44000244140625
853,955,162.0399932861328,123.91999816894531,12.079999923706055,163.1999969482422
155,994,3.0,81.19999694824219,4.920000076293945,48.91999816894531
354,452,34.599998474121094,32.36000061035156,6.679999828338623,40.36000061035156
568,3,7.360000133514404,5.0,100.0,61.20000076293945
694,23,8.15999984741211,57.84000015258789,24.8799991607666,49.68000030517578
813,689,4.599999904632568,148.8800048828125,12.15999984741211,90.5199966430664
360,812,34.47999954223633,12.359999656677246,49.31999969482422,52.560001373291016
302,141,103.5199966430664,12.199999809265137,67.08000183105469,100.04000091552734
751,282,54.400001525878906,129.0399932861328,5.599999904632568,103.63999938964844
749,444,69.36000061035156,210.44000244140625,5.760000228881836,156.39999389648438
661,445,38.040000915527344,175.36000061035156,4.599999904632568,119.44000244140625
364,83,7.519999980926514,43.7599983215332,3.4000000953674316,30.040000915527344
5,826,23.280000686645508,8.680000305175781,218.8800048828125,137.55999755859375
170,770,12.279999732971191,49.040000915527344,4.0,35.599998474121094
598,831,5.079999923706055,53.63999938964844,16.280000686645508,41.040000915527344
488,65,30.280000686645508,5.239999771118164,22.760000228881836,31.84000015258789
761,626,165.24000549316406,93.83999633789062,14.199999809265137,149.55999755859375
22,1008,7.599999904632568,6.400000095367432,90.76000213623047,57.2400016784668
227,941,12.520000457763672,42.279998779296875,4.0,32.20000076293945
435,220,97.83999633789062,4.0,100.5199966430664,110.72000122070312
912,683,4.0,73.95999908447266,8.039999961853027,47.08000183105469
903,45,61.15999984741211,5.400000095367432,103.36000061035156,93.08000183105469
110,301,69.0,12.720000267028809,32.91999816894531,62.79999923706055
928,166,6.71999979019165,25.559999465942383,77.12000274658203,60.08000183105469
781,236,64.87999725341797,5.239999771118164,38.08000183105469,59.15999984741211
243,38,29.479999542236328,18.280000686645508,81.31999969482422,70.5999984741211
483,844,5.760000228881836,4.71999979019165,72.4800033569336,45.31999969482422
573,312,122.68000030517578,10.960000038146973,148.55999755859375,154.47999572753906
206,652,69.16000366210938,7.840000152587891,189.0399932861328,145.67999267578125
619,755,50.560001373291016,3.4800000190734863,17.200000762939453,39.119998931884766
614,909,144.0800018310547,4.239999771118164,58.08000183105469,113.04000091552734
284,294,236.55999755859375,40.959999084472656,35.599998474121094,171.52000427246094
619,344,4.0,240.9199981689453,8.239999771118164,138.55999755859375
239,71,190.8000030517578,3.0,89.5999984741211,155.36000061035156
718,882,55.040000915527344,9.520000457763672,142.9600067138672,113.72000122070312
960,449,45.439998626708984,50.31999969482422,6.0,55.79999923706055
954,150,23.479999542236328,10.84000015258789,84.72000122070312,65.27999877929688
254,370,18.440000534057617,22.0,47.68000030517578,48.36000061035156
419,392,82.08000183105469,3.7200000286102295,109.16000366210938,106.76000213623047
463,144,61.2400016784668,9.0,70.36000061035156,76.95999908447266
322,232,87.23999786376953,3.0,72.4800033569336,89.23999786376953
409,894,58.36000061035156,4.0,65.4800033569336,69.91999816894531
874,727,38.15999984741211,4.0,41.439998626708984,45.720001220703125
603,378,21.15999984741211,6.920000076293945,47.15999984741211,41.279998779296875
271,649,40.47999954223633,12.479999542236328,117.55999755859375,93.4800033569336
26,285,49.959999084472656,63.040000915527344,5.960000038146973,65.16000366210938
250,1003,4.0,146.1199951171875,9.600000381469727,87.5199966430664
186,776,42.959999084472656,216.0,4.599999904632568,144.44000244140625
233,550,117.72000122070312,5.199999809265137,233.27999877929688,195.0399932861328
90,678,4.119999885559082,20.280000686645508,35.91999816894531,33.2400016784668
192,842,5.199999809265137,12.119999885559082,53.119998931884766,38.52000045776367
941,948,23.920000076293945,82.12000274658203,4.119999885559082,60.439998626708984
875,723,38.720001220703125,4.0,50.040000915527344,50.720001220703125
762,605,21.399999618530273,199.0399932861328,4.0,122.72000122070312
136,909,43.720001220703125,3.9200000762939453,30.239999771118164,42.560001373291016
321,725,127.31999969482422,4.0,147.52000427246094,152.72000122070312
752,499,8.960000038146973,11.600000381469727,123.95999908447266,79.0
616,52,130.9600067138672,5.0,235.67999267578125,203.44000244140625
431,172,3.0,149.0800018310547,6.0,86.63999938964844
668,308,84.19999694824219,10.15999984741211,100.0,106.36000061035156
36,938,12.239999771118164,50.68000030517578,4.0,36.7599983215332
138,3,3.0,241.9600067138672,5.559999942779541,137.24000549316406
215,927,11.039999961853027,48.400001525878906,5.079999923706055,35.36000061035156
920,142,39.880001068115234,12.119999885559082,62.84000015258789,62.7599983215332
148,987,3.7200000286102295,46.91999816894531,4.480000019073486,30.1200008392334
66,420,44.68000030517578,4.760000228881836,15.760000228881836,35.560001373291016
107,607,32.119998931884766,140.55999755859375,4.0,96.80000305175781
794,214,116.4000015258789,5.400000095367432,224.52000427246094,189.67999267578125
744,336,6.0,7.559999942779541,45.79999923706055,32.560001373291016
89,325,18.079999923706055,10.880000114440918,195.16000366210938,122.76000213623047
949,658,34.040000915527344,5.639999866485596,221.27999877929688,143.0
101,633,215.44000244140625,28.68000030517578,47.91999816894531,159.8800048828125
112,657,15.960000038146973,12.319999694824219,82.68000030517578,60.84000015258789
132,577,37.68000030517578,4.119999885559082,23.520000457763672,35.79999923706055
174,471,82.31999969482422,13.880000114440918,57.36000061035156,84.04000091552734
525,192,6.800000190734863,90.91999816894531,20.040000915527344,64.55999755859375
556,323,17.920000076293945,6.960000038146973,75.5999984741211,55.15999984741211
377,134,188.16000366210938,19.280000686645508,75.87999725341797,155.32000732421875
419,329,5.400000095367432,59.79999923706055,13.720000267028809,43.15999984741211
353,813,16.84000015258789,14.279999732971191,24.600000381469727,30.559999465942383
316,700,11.5600004196167,18.239999771118164,30.360000610351562,33.119998931884766
385,310,148.0399932861328,13.119999885559082,123.5199966430664,155.83999633789062
347,70,38.2400016784668,5.880000114440918,17.68000030517578,33.91999816894531
762,982,105.31999969482422,10.039999961853027,119.68000030517578,128.75999450683594
82,463,38.08000183105469,18.84000015258789,10.399999618530273,36.79999923706055
684,770,15.039999961853027,114.5999984741211,4.0,73.16000366210938
65,316,12.0,24.079999923706055,28.280000686645508,35.2400016784668
52,24,6.800000190734863,90.4000015258789,17.8799991607666,62.959999084472656
108,657,19.719999313354492,9.880000114440918,124.0,84.0
289,925,7.880000114440918,80.83999633789062,3.0,50.279998779296875
839,957,88.80000305175781,58.91999816894531,11.15999984741211,87.04000091552734
249,702,13.319999694824219,37.119998931884766,42.63999938964844,50.880001068115234
929,473,83.36000061035156,12.920000076293945,76.16000366210938,94.4000015258789
371,471,153.1199951171875,16.31999969482422,93.04000091552734,143.67999267578125
673,314,34.91999816894531,9.640000343322754,83.5199966430664,70.23999786376953
459,141,49.52000045776367,9.84000015258789,40.0,54.400001525878906
703,828,8.0,31.799999237060547,20.959999084472656,33.2400016784668
675,771,18.200000762939453,186.55999755859375,4.0,114.08000183105469
704,906,66.04000091552734,3.119999885559082,48.959999084472656,64.95999908447266
483,118,105.08000183105469,145.52000427246094,8.479999542236328,142.0
143,542,25.479999542236328,14.039999961853027,69.0,59.52000045776367
953,107,34.040000915527344,91.72000122070312,4.28000020980835,71.27999877929688
134,491,9.199999809265137,26.440000534057617,21.360000610351562,31.360000610351562
142,546,36.63999938964844,9.15999984741211,91.95999908447266,75.5199966430664
724,66,43.040000915527344,4.840000152587891,22.799999237060547,38.84000015258789
870,795,160.75999450683594,74.31999969482422,14.760000228881836,136.9600067138672
561,476,105.5999984741211,11.399999618530273,155.1999969482422,149.0
698,325,3.880000114440918,97.44000244140625,6.400000095367432,59.119998931884766
716,739,147.47999572753906,4.0,61.040000915527344,116.36000061035156
663,141,164.63999938964844,13.920000076293945,108.0,157.1199951171875
598,643,49.36000061035156,11.079999923706055,32.119998931884766,50.720001220703125
1012,284,35.400001525878906,34.439998626708984,6.880000114440918,42.08000183105469
475,294,212.83999633789062,38.279998779296875,33.36000061035156,155.8000030517578
48,899,230.52000427246094,4.0,157.0399932861328,214.44000244140625
183,102,33.36000061035156,243.9600067138672,3.799999952316284,153.9600067138672
315,483,28.440000534057617,10.600000381469727,42.560001373291016,44.7599983215332
380,272,25.399999618530273,203.83999633789062,4.0,127.5999984741211
952,991,46.36000061035156,6.119999885559082,210.1199951171875,143.8000030517578
226,899,107.95999908447266,4.0,86.95999908447266,108.87999725341797
225,55,61.31999969482422,3.9200000762939453,90.4800033569336,85.27999877929688
685,398,53.720001220703125,4.360000133514404,43.20000076293945,55.560001373291016
849,678,4.199999809265137,12.359999656677246,38.15999984741211,30.15999984741211
377,299,172.63999938964844,35.720001220703125,31.440000534057617,131.27999877929688
613,684,4.0,116.68000030517578,9.119999885559082,71.0
363,808,58.2400016784668,12.199999809265137,51.84000015258789,67.0
142,909,81.80000305175781,3.0399999618530273,50.0,73.91999816894531
336,895,134.72000122070312,3.799999952316284,178.0399932861328,173.39999389648438
59,580,58.959999084472656,5.360000133514404,19.559999465942383,45.959999084472656
774,270,18.479999542236328,120.5999984741211,4.0,78.27999877929688
630,1001,4.239999771118164,123.44000244140625,11.800000190734863,76.5199966430664
444,512,3.119999885559082,52.0,7.71999979019165,34.47999954223633
832,271,25.520000457763672,125.19999694824219,4.0,84.63999938964844
428,14,4.0,210.44000244140625,9.239999771118164,122.55999755859375
526,717,113.23999786376953,5.360000133514404,195.8800048828125,172.27999877929688
719,238,199.8000030517578,3.0,83.5199966430664,157.0399932861328
438,46,62.68000030517578,7.400000095367432,131.83999633789062,110.68000030517578
325,498,5.480000019073486,56.08000183105469,15.119999885559082,41.880001068115234
597,621,43.959999084472656,48.08000183105469,6.079999923706055,53.720001220703125
764,478,64.55999755859375,9.4399995803833,113.83999633789062,102.95999908447266
860,798,224.8000030517578,65.16000366210938,23.1200008392334,171.55999755859375
226,490,4.239999771118164,69.4000015258789,8.239999771118164,44.880001068115234
502,767,12.079999923706055,55.040000915527344,4.039999961853027,38.91999816894531
194,270,21.600000381469727,203.55999755859375,3.799999952316284,125.23999786376953
936,258,9.640000343322754,41.400001525878906,4.119999885559082,30.15999984741211
28,277,23.1200008392334,64.23999786376953,4.0,50.08000183105469
488,174,5.400000095367432,8.760000228881836,49.63999938964844,35.0
608,744,55.119998931884766,3.880000114440918,30.760000228881836,49.15999984741211
296,173,6.039999961853027,6.800000190734863,64.87999725341797,42.31999969482422
236,344,4.0,177.1199951171875,8.239999771118164,103.5199966430664
869,49,37.720001220703125,4.079999923706055,59.279998779296875,55.439998626708984
142,837,4.360000133514404,83.63999938964844,12.4399995803833,55.0
837,274,43.52000045776367,182.27999877929688,4.840000152587891,126.44000244140625
266,146,23.600000381469727,8.239999771118164,32.959999084472656,35.560001373291016
228,226,222.36000061035156,4.0,178.16000366210938,221.36000061035156
426,524,7.400000095367432,72.0,21.360000610351562,55.20000076293945
997,239,91.36000061035156,4.480000019073486,36.52000045776367,72.5999984741211
991,571,187.8800048828125,4.0,72.08000183105469,144.47999572753906
381,1006,7.880000114440918,5.199999809265137,77.23999786376953,49.439998626708984
21,618,75.87999725341797,148.8800048828125,6.320000171661377,126.5199966430664
154,743,90.12000274658203,4.480000019073486,34.84000015258789,70.95999908447266
301,933,12.520000457763672,88.23999786376953,3.0,56.880001068115234
514,413,71.5199966430664,5.639999866485596,26.079999923706055,56.599998474121094
475,320,30.520000457763672,8.0,200.75999450683594,131.24000549316406
726,337,3.4000000953674316,48.880001068115234,8.720000267028809,33.36000061035156
515,340,3.0,247.44000244140625,6.079999923706055,140.72000122070312
49,708,19.1200008392334,14.720000267028809,56.91999816894531,49.720001220703125
680,379,18.639999389648438,4.599999904632568,32.79999923706055,30.68000030517578
762,94,11.720000267028809,86.83999633789062,3.0,55.68000030517578
464,955,91.44000244140625,78.27999877929688,9.760000228881836,98.36000061035156
957,116,47.959999084472656,42.119998931884766,6.679999828338623,53.040000915527344
691,9,3.680000066757202,150.9600067138672,8.199999809265137,89.12000274658203
226,727,32.720001220703125,3.319999933242798,43.880001068115234,43.720001220703125
529,868,11.319999694824219,44.7599983215332,32.959999084472656,48.79999923706055
268,130,45.599998474121094,18.360000610351562,13.359999656677246,42.31999969482422
700,746,69.68000030517578,6.079999923706055,28.559999465942383,57.20000076293945
828,330,7.440000057220459,46.2400016784668,54.7599983215332,59.400001525878906
917,446,21.0,34.400001525878906,4.519999980926514,32.84000015258789
546,484,20.920000076293945,17.360000610351562,70.72000122070312,59.599998474121094
190,596,9.800000190734863,69.5199966430664,4.0,45.560001373291016
130,82,42.439998626708984,7.920000076293945,13.960000038146973,35.279998779296875
163,469,29.1200008392334,11.15999984741211,19.360000610351562,32.560001373291016
411,729,24.040000915527344,3.240000009536743,29.1200008392334,31.1200008392334
640,303,64.83999633789062,12.960000038146973,45.040000915527344,67.27999877929688
703,583,44.68000030517578,4.0,21.040000915527344,38.040000915527344
811,555,133.52000427246094,4.0,152.47999572753906,158.83999633789062
104,952,116.27999877929688,147.16000366210938,8.399999618530273,148.8800048828125
896,1022,4.800000190734863,118.36000061035156,12.680000305175781,74.31999969482422
360,922,36.20000076293945,6.480000019073486,13.600000381469727,30.760000228881836
54,181,4.199999809265137,105.44000244140625,8.84000015258789,64.80000305175781
793,1014,4.0,36.31999969482422,17.239999771118164,31.639999389648438
575,123,110.83999633789062,38.79999923706055,15.640000343322754,90.55999755859375
747,961,33.68000030517578,26.799999237060547,7.28000020980835,37.08000183105469
379,617,57.7599983215332,139.47999572753906,5.71999979019165,111.23999786376953
646,977,45.400001525878906,12.0,48.959999084472656,58.20000076293945
845,585,6.679999828338623,45.15999984741211,3.0399999618530273,30.079999923706055
543,549,47.560001373291016,6.599999904632568,87.55999755859375,77.72000122070312
117,992,14.84000015258789,13.359999656677246,72.12000274658203,55.0
826,349,4.0,80.5999984741211,12.760000228881836,53.36000061035156
683,130,89.83999633789062,25.360000610351562,18.520000457763672,73.19999694824219
826,620,32.2400016784668,30.280000686645508,6.440000057220459,37.68000030517578
57,379,58.279998779296875,9.800000190734863,149.0399932861328,118.72000122070312
651,666,8.600000381469727,23.600000381469727,99.95999908447266,72.4000015258789
749,133,211.67999267578125,22.239999771118164,73.12000274658203,168.24000549316406
23,606,21.239999771118164,141.0,4.0,90.76000213623047
282,797,87.5999984741211,40.959999084472656,13.880000114440918,77.95999908447266
212,204,16.600000381469727,8.0,37.599998474121094,34.08000183105469
939,152,33.08000183105469,8.4399995803833,244.9600067138672,156.8800048828125
876,148,29.31999969482422,10.5600004196167,44.040000915527344,46.0
488,838,9.800000190734863,5.400000095367432,132.27999877929688,80.63999938964844
778,955,83.83999633789062,132.44000244140625,7.480000019073486,122.80000305175781
795,38,21.280000686645508,14.760000228881836,57.20000076293945,51.040000915527344
485,832,18.440000534057617,5.039999961853027,212.44000244140625,129.36000061035156
529,884,67.23999786376953,7.880000114440918,164.47999572753906,131.1999969482422
676,978,81.04000091552734,10.720000267028809,88.95999908447266,98.91999816894531
586,970,232.44000244140625,35.84000015258789,39.36000061035156,168.47999572753906
329,730,234.55999755859375,4.0,171.24000549316406,224.27999877929688
188,756,7.400000095367432,70.68000030517578,3.0,44.400001525878906
365,143,74.19999694824219,10.640000343322754,151.8800048828125,129.72000122070312
110,430,11.399999618530273,111.91999816894531,4.0,69.63999938964844
145,49,116.4000015258789,4.480000019073486,170.0800018310547,159.39999389648438
923,100,18.280000686645508,103.87999725341797,3.5999999046325684,68.83999633789062
404,822,12.399999618530273,18.440000534057617,36.119998931884766,36.720001220703125
511,82,46.79999923706055,6.679999828338623,14.760000228881836,37.36000061035156
655,473,84.68000030517578,13.84000015258789,44.0,78.08000183105469
781,511,3.799999952316284,59.0,10.720000267028809,40.119998931884766
90,765,10.039999961853027,40.91999816894531,4.0,30.200000762939453
183,810,100.5999984741211,11.880000114440918,114.63999938964844,124.27999877929688
931,848,4.0,50.400001525878906,19.959999084472656,40.68000030517578
102,453,107.23999786376953,157.60000610351562,8.720000267028809,149.9199981689453
1014,748,83.83999633789062,4.119999885559082,29.760000228881836,64.36000061035156
158,723,98.44000244140625,4.0,101.12000274658203,111.44000244140625
79,624,73.08000183105469,40.36000061035156,11.880000114440918,68.5999984741211
921,913,103.08000183105469,3.9600000381469727,41.79999923706055,81.4800033569336
387,435,21.920000076293945,139.9199981689453,3.4000000953674316,90.5199966430664
522,163,4.079999923706055,118.80000305175781,9.760000228881836,72.72000122070312
821,71,99.76000213623047,4.0,48.08000183105469,83.0
361,900,99.72000122070312,3.440000057220459,75.4000015258789,97.80000305175781
121,328,5.199999809265137,51.040000915527344,17.040000915527344,40.15999984741211
275,928,9.720000267028809,68.31999969482422,3.359999895095825,44.599998474121094
995,694,5.880000114440918,78.08000183105469,16.84000015258789,55.15999984741211
723,405,59.47999954223633,5.079999923706055,27.559999465942383,50.47999954223633
359,840,4.440000057220459,95.95999908447266,24.639999389648438,68.44000244140625
862,495,22.920000076293945,5.800000190734863,209.52000427246094,130.52000427246094
294,470,239.27999877929688,26.920000076293945,58.31999969482422,177.8000030517578
38,903,102.80000305175781,4.159999847412109,66.31999969482422,94.91999816894531
493,943,25.68000030517578,79.4000015258789,4.0,59.720001220703125
151,724,176.27999877929688,4.0,182.47999572753906,198.60000610351562
742,575,36.36000061035156,5.440000057220459,19.639999389648438,33.599998474121094
530,716,85.27999877929688,5.360000133514404,144.36000061035156,128.8800048828125
156,990,3.4000000953674316,52.08000183105469,4.760000228881836,32.959999084472656
524,7,3.0,135.9199981689453,6.639999866485596,79.95999908447266
957,313,100.16000366210938,10.0,136.72000122070312,135.27999877929688
567,593,9.119999885559082,53.36000061035156,4.0,36.439998626708984
457,380,20.360000610351562,5.28000020980835,31.200000762939453,31.239999771118164
861,590,7.400000095367432,52.36000061035156,3.0,34.52000045776367
622,733,223.0800018310547,3.0,180.36000061035156,222.8800048828125
667,283,97.95999908447266,93.0,9.239999771118164,109.80000305175781
424,169,3.0,227.9600067138672,5.239999771118164,129.55999755859375
850,330,10.479999542236328,9.239999771118164,124.16000366210938,78.80000305175781
967,156,6.320000171661377,40.52000045776367,18.760000228881836,35.91999816894531
489,987,32.040000915527344,9.279999732971191,119.19999694824219,87.91999816894531
331,569,144.8000030517578,3.0,103.80000305175781,137.8800048828125
887,701,16.68000030517578,21.920000076293945,46.84000015258789,46.720001220703125
50,864,11.800000190734863,46.52000045776367,33.599998474121094,50.36000061035156
613,205,45.2400016784668,11.479999542236328,114.5199966430664,93.91999816894531
944,320,45.52000045776367,6.400000095367432,199.39999389648438,137.67999267578125
506,821,24.959999084472656,11.319999694824219,50.720001220703125,47.599998474121094
514,387,179.44000244140625,4.199999809265137,244.0399932861328,234.27999877929688
482,638,134.1199951171875,15.760000228881836,66.5199966430664,118.4800033569336
127,692,5.960000038146973,37.040000915527344,14.920000076293945,31.639999389648438
248,348,4.0,213.47999572753906,9.479999542236328,124.36000061035156
377,494,14.800000190734863,9.5600004196167,187.67999267578125,116.19999694824219
738,159,11.920000076293945,21.1200008392334,118.27999877929688,82.95999908447266
721,55,61.400001525878906,4.0,52.959999084472656,64.55999755859375
946,613,43.2400016784668,183.32000732421875,4.599999904632568,126.68000030517578
655,973,127.95999908447266,16.520000457763672,70.27999877929688,117.55999755859375
544,486,15.279999732971191,22.479999542236328,57.400001525878906,52.20000076293945
578,298,235.32000732421875,45.2400016784668,31.799999237060547,171.1999969482422
564,959,52.279998779296875,49.79999923706055,8.039999961853027,60.31999969482422
68,376,32.560001373291016,10.800000190734863,73.12000274658203,63.84000015258789
922,456,55.040000915527344,32.63999938964844,10.399999618530273,53.599998474121094
326,515,4.0,97.5199966430664,9.239999771118164,60.52000045776367
713,710,56.31999969482422,9.479999542236328,135.75999450683594,110.31999969482422
446,305,33.279998779296875,11.399999618530273,30.8799991607666,41.36000061035156
245,736,223.24000549316406,3.0,141.72000122070312,201.55999755859375
429,876,46.599998474121094,12.039999961853027,122.83999633789062,99.31999969482422
810,756,49.47999954223633,3.5199999809265137,16.079999923706055,37.959999084472656
31,826,7.28000020980835,32.599998474121094,22.68000030517578,34.279998779296875
611,859,7.039999961853027,75.95999908447266,18.760000228881836,55.84000015258789
613,522,6.199999809265137,90.91999816894531,17.280000686645508,62.63999938964844
790,329,6.960000038146973,36.720001220703125,23.399999618530273,36.720001220703125
799,721,51.36000061035156,4.559999942779541,100.44000244140625,85.80000305175781
342,507,4.0,231.0399932861328,9.479999542236328,133.8000030517578
924,181,4.0,45.63999938964844,16.200000762939453,35.91999816894531
517,347,4.0,187.83999633789062,8.479999542236328,109.76000213623047
340,404,110.55999755859375,4.039999961853027,47.959999084472656,89.04000091552734
35,66,64.5999984741211,3.0,52.880001068115234,65.91999816894531
584,661,24.559999465942383,6.440000057220459,198.9199981689453,126.04000091552734
334,682,4.0,183.16000366210938,8.399999618530273,107.19999694824219
909,36,17.84000015258789,8.279999732971191,36.2400016784668,34.119998931884766
303,151,42.439998626708984,8.399999618530273,110.72000122070312,88.4000015258789
456,948,28.520000457763672,55.63999938964844,4.71999979019165,48.7599983215332
616,75,143.63999938964844,3.0,57.959999084472656,112.12000274658203
147,747,80.5999984741211,4.840000152587891,28.440000534057617,62.31999969482422
937,830,13.15999984741211,16.920000076293945,138.8000030517578,92.4800033569336
235,840,3.0,226.9600067138672,5.960000038146973,129.27999877929688
490,460,157.1199951171875,66.04000091552734,16.280000686645508,131.1199951171875
316,9,3.5999999046325684,170.1199951171875,8.039999961853027,99.44000244140625
217,1013,4.800000190734863,11.0,39.91999816894531,30.399999618530273
286,288,178.67999267578125,73.5199966430664,17.239999771118164,147.60000610351562
37,174,3.0,200.9600067138672,6.920000076293945,115.63999938964844
440,582,37.400001525878906,7.039999961853027,12.920000076293945,31.360000610351562
455,351,4.0,41.439998626708984,13.239999771118164,32.15999984741211
814,845,3.0399999618530273,158.60000610351562,6.239999771118164,92.12000274658203
691,688,4.599999904632568,46.79999923706055,11.199999809265137,34.439998626708984
333,3,3.0,174.72000122070312,5.840000152587891,100.55999755859375
440,687,4.199999809265137,168.55999755859375,10.920000076293945,100.55999755859375
638,320,15.800000190734863,24.200000762939453,68.63999938964844,59.47999954223633
458,262,12.5600004196167,116.5199966430664,3.0,72.4800033569336
728,819,10.600000381469727,25.360000610351562,23.399999618530273,32.560001373291016
232,996,8.880000114440918,26.959999084472656,25.520000457763672,33.68000030517578
664,101,17.920000076293945,196.63999938964844,4.0,119.4800033569336
705,581,61.20000076293945,3.640000104904175,28.799999237060547,51.279998779296875
794,345,4.0,91.55999755859375,10.199999809265137,57.79999923706055
191,791,199.52000427246094,82.36000061035156,18.360000610351562,164.39999389648438
686,760,11.5600004196167,43.08000183105469,5.079999923706055,32.880001068115234
386,468,149.32000732421875,18.719999313354492,54.63999938964844,121.95999908447266
190,429,14.119999885559082,158.0,3.0,96.0
156,878,36.880001068115234,14.760000228881836,101.68000030517578,83.91999816894531
434,33,16.280000686645508,31.520000457763672,45.20000076293945,50.880001068115234
303,148,55.720001220703125,8.680000305175781,98.5199966430664,89.31999969482422
1001,157,4.0,51.52000045776367,6.400000095367432,33.959999084472656
765,824,25.84000015258789,8.359999656677246,174.0,114.12000274658203
153,347,3.9600000381469727,93.23999786376953,7.679999828338623,57.31999969482422
177,296,52.20000076293945,23.31999969482422,12.4399995803833,48.15999984741211
831,122,29.440000534057617,26.15999984741211,6.559999942779541,34.20000076293945
857,940,32.63999938964844,222.63999938964844,4.0,142.16000366210938
39,993,15.279999732971191,15.119999885559082,43.31999969482422,40.599998474121094
979,1002,8.319999694824219,21.079999923706055,42.880001068115234,39.560001373291016
777,926,10.279999732971191,50.36000061035156,4.880000114440918,35.880001068115234
980,884,61.279998779296875,5.320000171661377,119.5199966430664,101.87999725341797
452,643,35.52000045776367,12.319999694824219,43.20000076293945,49.880001068115234
272,297,176.1199951171875,27.239999771118164,44.36000061035156,135.72000122070312
230,504,3.0,215.32000732421875,6.239999771118164,123.0
676,298,67.44000244140625,14.800000190734863,23.920000076293945,58.08000183105469
340,664,3.0,122.08000183105469,5.0,71.23999786376953
135,542,16.0,10.039999961853027,39.15999984741211,35.7599983215332
44,561,225.0800018310547,3.9200000762939453,181.44000244140625,224.60000610351562
331,12,4.0,153.63999938964844,8.760000228881836,91.16000366210938
584,144,22.799999237060547,11.960000038146973,35.599998474121094,38.52000045776367
185,138,148.8800048828125,13.920000076293945,123.0,156.47999572753906
754,343,4.639999866485596,4.559999942779541,49.52000045776367,32.15999984741211
275,968,118.5199966430664,23.079999923706055,35.560001373291016,97.0
219,180,4.0,96.23999786376953,9.359999656677246,60.0
320,350,4.480000019073486,118.91999816894531,10.4399995803833,73.4000015258789
94,672,5.800000190734863,13.600000381469727,73.55999755859375,50.91999816894531
382,504,5.71999979019165,10.0,66.31999969482422,44.959999084472656
518,663,3.0,147.1999969482422,5.199999809265137,85.16000366210938
96,121,130.8000030517578,113.04000091552734,11.239999771118164,139.67999267578125
363,314,24.399999618530273,8.079999923706055,36.7599983215332,38.119998931884766
248,71,176.47999572753906,3.0,78.16000366210938,141.1999969482422
13,936,13.359999656677246,155.36000061035156,4.0,94.36000061035156
225,511,3.4000000953674316,142.83999633789062,7.960000038146973,84.68000030517578
330,750,58.279998779296875,5.880000114440918,20.68000030517578,46.52000045776367
285,307,127.04000091552734,11.399999618530273,134.75999450683594,149.72000122070312
524,62,155.52000427246094,4.0,84.27999877929688,133.44000244140625
903,194,8.199999809265137,73.0,24.639999389648438,57.91999816894531
586,445,27.31999969482422,44.63999938964844,4.360000133514404,41.84000015258789
329,670,3.0,226.32000732421875,5.679999828338623,128.8800048828125
261,1006,4.039999961853027,139.0,17.600000381469727,88.04000091552734
18,480,31.8799991607666,10.399999618530273,61.20000076293945,56.63999938964844
695,773,13.039999961853027,45.91999816894531,4.0,34.31999969482422
65,374,29.440000534057617,14.5600004196167,73.08000183105469,64.16000366210938
502,359,7.360000133514404,35.63999938964844,19.1200008392334,33.880001068115234
638,990,9.760000228881836,32.15999984741211,30.360000610351562,39.439998626708984
384,803,211.1999969482422,21.520000457763672,69.08000183105469,165.27999877929688
591,155,6.400000095367432,39.91999816894531,17.760000228881836,35.08000183105469
651,618,94.31999969482422,108.23999786376953,8.680000305175781,115.72000122070312
249,412,120.80000305175781,3.119999885559082,44.63999938964844,92.44000244140625
622,401,243.8000030517578,3.0,148.63999938964844,216.63999938964844
466,951,77.80000305175781,121.72000122070312,7.159999847412109,113.27999877929688
328,78,72.12000274658203,5.039999961853027,22.559999465942383,54.68000030517578
415,663,8.119999885559082,28.600000381469727,29.520000457763672,36.400001525878906
677,999,9.600000381469727,11.680000305175781,88.44000244140625,60.119998931884766
498,329,4.960000038146973,55.47999954223633,16.079999923706055,41.91999816894531
519,41,60.20000076293945,8.359999656677246,146.44000244140625,117.83999633789062
1023,683,4.0,52.31999969482422,16.760000228881836,39.91999816894531
203,933,11.039999961853027,122.55999755859375,4.0,75.16000366210938
215,898,32.599998474121094,4.0,31.239999771118164,37.20000076293945
188,314,73.55999755859375,8.520000457763672,126.55999755859375,114.36000061035156
201,831,11.720000267028809,9.640000343322754,113.87999725341797,74.08000183105469
