x,y,layer1_gray,layer2_gray,bilayer_gray
299,219,6.199999809265137,201.75999450683594,201.16000366210938
848,540,3.759999990463257,75.83999633789062,76.80000305175781
488,873,3.0799999237060547,101.55999755859375,101.4000015258789
867,540,4.039999961853027,119.95999908447266,119.95999908447266
5,800,243.44000244140625,4.0,239.32000732421875
83,373,10.0,118.55999755859375,124.31999969482422
291,610,52.439998626708984,3.0,53.7599983215332
557,291,64.12000274658203,8.399999618530273,70.08000183105469
898,979,4.559999942779541,77.12000274658203,79.12000274658203
815,578,59.279998779296875,3.319999933242798,60.63999938964844
429,989,7.71999979019165,209.63999938964844,210.1999969482422
102,641,130.32000732421875,4.0,130.16000366210938
811,229,123.04000091552734,4.320000171661377,123.19999694824219
869,636,56.400001525878906,5.360000133514404,59.7599983215332
916,649,6.0,191.83999633789062,191.47999572753906
438,304,15.5600004196167,81.36000061035156,93.80000305175781
435,977,9.0,197.55999755859375,199.8000030517578
475,31,4.840000152587891,92.5999984741211,94.19999694824219
958,42,5.239999771118164,151.52000427246094,151.63999938964844
855,470,223.1199951171875,8.319999694824219,223.8800048828125
349,727,86.44000244140625,5.480000019073486,88.95999908447266
541,548,48.47999954223633,29.68000030517578,75.68000030517578
819,81,56.040000915527344,5.400000095367432,59.279998779296875
464,206,4.159999847412109,59.36000061035156,61.439998626708984
530,980,4.0,158.8800048828125,157.55999755859375
610,917,57.68000030517578,3.559999942779541,59.119998931884766
245,302,11.4399995803833,103.63999938964844,111.36000061035156
522,302,4.0,86.04000091552734,87.27999877929688
170,878,26.239999771118164,35.0,59.20000076293945
977,58,60.599998474121094,22.31999969482422,80.27999877929688
525,553,100.5199966430664,10.039999961853027,106.91999816894531
544,904,163.52000427246094,12.319999694824219,170.1199951171875
981,966,44.47999954223633,43.720001220703125,85.31999969482422
518,497,4.920000076293945,90.83999633789062,92.68000030517578
244,751,81.5999984741211,4.28000020980835,83.23999786376953
331,556,94.19999694824219,12.479999542236328,103.19999694824219
377,54,4.0,173.60000610351562,171.9600067138672
807,401,226.32000732421875,7.039999961853027,225.67999267578125
931,659,11.239999771118164,45.31999969482422,54.63999938964844
273,632,141.39999389648438,8.399999618530273,144.9199981689453
167,878,30.200000762939453,25.399999618530273,53.720001220703125
535,146,14.720000267028809,64.27999877929688,76.5199966430664
347,808,12.399999618530273,106.72000122070312,115.19999694824219
303,469,172.0399932861328,18.239999771118164,184.1199951171875
318,48,111.72000122070312,7.800000190734863,115.63999938964844
491,213,6.639999866485596,149.1199951171875,150.60000610351562
70,906,61.79999923706055,4.679999828338623,64.31999969482422
928,998,6.0,74.4800033569336,77.80000305175781
130,130,24.040000915527344,77.08000183105469,97.87999725341797
111,153,42.15999984741211,21.799999237060547,61.79999923706055
1015,989,10.520000457763672,59.279998779296875,67.55999755859375
236,46,64.4800033569336,10.199999809265137,72.36000061035156
686,562,13.239999771118164,86.08000183105469,96.16000366210938
115,217,8.039999961853027,149.75999450683594,152.75999450683594
776,704,3.9200000762939453,77.68000030517578,78.68000030517578
570,898,12.0,100.80000305175781,109.19999694824219
621,417,72.91999816894531,4.0,74.44000244140625
44,491,3.359999895095825,81.83999633789062,82.55999755859375
29,621,57.0,11.520000457763672,66.31999969482422
191,211,6.920000076293945,227.0399932861328,226.36000061035156
742,231,27.799999237060547,55.36000061035156,80.4000015258789
52,818,4.0,138.55999755859375,137.67999267578125
62,56,146.0399932861328,18.0,158.47999572753906
351,573,154.24000549316406,9.119999885559082,157.8800048828125
919,1002,3.680000066757202,99.4000015258789,99.72000122070312
772,303,163.83999633789062,19.760000228881836,177.67999267578125
943,116,135.72000122070312,3.0,134.36000061035156
760,972,155.32000732421875,9.15999984741211,158.9600067138672
227,239,119.5199966430664,4.119999885559082,119.72000122070312
80,283,80.16000366210938,4.800000190734863,82.27999877929688
647,824,10.680000305175781,68.55999755859375,76.63999938964844
974,985,50.279998779296875,47.52000045776367,94.5999984741211
744,813,59.15999984741211,14.279999732971191,71.0
483,950,88.12000274658203,3.0,88.16000366210938
845,960,167.47999572753906,5.119999885559082,167.0399932861328
825,724,102.27999877929688,24.719999313354492,123.04000091552734
305,899,6.71999979019165,133.9600067138672,136.0
947,109,58.47999954223633,3.0,59.47999954223633
234,151,3.359999895095825,154.24000549316406,152.67999267578125
871,712,14.960000038146973,60.68000030517578,73.19999694824219
245,581,60.560001373291016,3.0,61.47999954223633
21,712,4.360000133514404,165.52000427246094,164.39999389648438
910,480,10.359999656677246,114.63999938964844,121.0
795,243,88.95999908447266,3.440000057220459,89.36000061035156
1015,413,54.15999984741211,7.440000057220459,59.47999954223633
577,207,8.640000343322754,104.91999816894531,109.76000213623047
784,655,25.84000015258789,52.959999084472656,76.23999786376953
238,502,3.0,59.91999816894531,60.880001068115234
993,380,57.880001068115234,10.199999809265137,65.91999816894531
354,467,41.119998931884766,27.0,65.91999816894531
668,561,4.079999923706055,159.75999450683594,158.72000122070312
741,634,30.959999084472656,25.200000762939453,54.400001525878906
555,479,60.2400016784668,10.5600004196167,68.4800033569336
458,395,38.91999816894531,59.08000183105469,94.5999984741211
765,620,111.4000015258789,4.920000076293945,112.55999755859375
60,480,4.320000171661377,222.9600067138672,219.83999633789062
897,323,3.0,155.67999267578125,153.72000122070312
339,50,82.27999877929688,5.199999809265137,84.5999984741211
124,133,46.720001220703125,63.91999816894531,107.08000183105469
894,215,62.119998931884766,11.479999542236328,71.4000015258789
776,892,19.600000381469727,66.4000015258789,83.12000274658203
600,891,69.87999725341797,18.520000457763672,85.5999984741211
209,631,189.0399932861328,12.239999771118164,194.8000030517578
951,30,3.0,65.95999908447266,66.83999633789062
936,627,57.79999923706055,9.239999771118164,64.72000122070312
246,85,51.119998931884766,4.0,53.279998779296875
465,702,6.0,80.80000305175781,84.0
229,735,53.52000045776367,20.719999313354492,71.68000030517578
930,912,50.36000061035156,12.199999809265137,60.400001525878906
736,646,13.520000457763672,86.87999725341797,97.04000091552734
80,296,131.47999572753906,8.680000305175781,135.44000244140625
678,719,14.0,101.87999725341797,112.04000091552734
814,741,211.9600067138672,6.159999847412109,210.9600067138672
853,395,10.0,92.63999938964844,99.31999969482422
975,709,7.760000228881836,53.47999954223633,59.36000061035156
365,788,70.55999755859375,6.159999847412109,74.23999786376953
660,144,114.04000091552734,10.279999732971191,120.19999694824219
155,228,209.0399932861328,11.800000190734863,213.60000610351562
261,821,6.199999809265137,175.44000244140625,175.72000122070312
185,222,11.399999618530273,172.9199981689453,178.16000366210938
953,792,168.0800018310547,3.0,165.47999572753906
108,452,99.55999755859375,5.239999771118164,101.23999786376953
53,404,201.72000122070312,6.360000133514404,201.24000549316406
750,449,118.72000122070312,3.2799999713897705,117.95999908447266
954,959,136.8000030517578,5.28000020980835,137.39999389648438
1019,733,93.23999786376953,26.760000228881836,116.19999694824219
156,389,87.19999694824219,5.400000095367432,89.4000015258789
1021,309,64.55999755859375,13.920000076293945,75.95999908447266
66,139,9.359999656677246,104.68000030517578,110.23999786376953
399,221,41.79999923706055,32.959999084472656,72.36000061035156
878,75,63.599998474121094,4.760000228881836,66.04000091552734
370,994,12.15999984741211,43.91999816894531,54.400001525878906
392,224,20.8799991607666,58.47999954223633,76.72000122070312
861,970,172.47999572753906,4.0,170.52000427246094
862,548,4.039999961853027,231.27999877929688,227.67999267578125
107,473,210.32000732421875,10.920000076293945,213.9600067138672
415,216,127.68000030517578,7.239999771118164,130.39999389648438
896,836,4.519999980926514,57.040000915527344,59.47999954223633
839,55,15.0,145.55999755859375,155.36000061035156
715,826,5.480000019073486,154.9199981689453,155.0
255,645,14.279999732971191,87.63999938964844,98.4800033569336
736,813,30.200000762939453,35.040000915527344,63.040000915527344
596,307,43.119998931884766,83.4000015258789,122.31999969482422
886,497,6.960000038146973,66.72000122070312,71.12000274658203
232,218,174.1999969482422,5.159999847412109,173.44000244140625
691,906,15.640000343322754,41.31999969482422,55.040000915527344
221,730,20.360000610351562,59.79999923706055,77.5199966430664
25,43,9.720000267028809,73.80000305175781,80.87999725341797
748,449,111.36000061035156,3.680000066757202,111.12000274658203
391,627,199.60000610351562,6.920000076293945,199.72000122070312
468,637,182.1999969482422,5.880000114440918,181.83999633789062
511,473,21.079999923706055,140.67999267578125,156.55999755859375
247,819,3.9200000762939453,221.63999938964844,217.8800048828125
846,310,101.19999694824219,5.079999923706055,102.68000030517578
53,310,8.319999694824219,202.1199951171875,203.52000427246094
791,217,133.47999572753906,7.559999942779541,136.36000061035156
1014,713,35.279998779296875,30.079999923706055,63.15999984741211
1005,81,64.0,5.039999961853027,66.76000213623047
876,554,12.359999656677246,101.83999633789062,110.44000244140625
572,987,60.36000061035156,12.199999809265137,70.36000061035156
516,498,5.039999961853027,79.27999877929688,81.4000015258789
2,969,101.55999755859375,10.520000457763672,108.44000244140625
355,906,163.75999450683594,10.520000457763672,168.39999389648438
89,619,122.95999908447266,4.039999961853027,122.72000122070312
789,67,68.27999877929688,13.880000114440918,79.5999984741211
524,378,71.16000366210938,5.0,73.27999877929688
512,64,229.1999969482422,4.159999847412109,225.75999450683594
410,317,19.479999542236328,112.5999984741211,127.76000213623047
1015,813,8.4399995803833,138.0,141.83999633789062
712,379,80.0,4.920000076293945,81.76000213623047
771,54,8.399999618530273,151.39999389648438,154.47999572753906
494,542,5.039999961853027,114.55999755859375,115.5999984741211
642,311,45.880001068115234,18.360000610351562,62.119998931884766
497,222,16.0,81.95999908447266,94.63999938964844
307,485,45.599998474121094,36.20000076293945,79.23999786376953
424,82,64.44000244140625,4.039999961853027,66.23999786376953
625,409,159.1999969482422,5.599999904632568,159.52000427246094
359,806,42.79999923706055,29.200000762939453,69.68000030517578
558,207,7.639999866485596,186.32000732421875,187.47999572753906
244,211,62.400001525878906,5.0,65.08000183105469
153,910,172.75999450683594,5.679999828338623,172.67999267578125
577,898,10.15999984741211,89.5999984741211,96.44000244140625
284,609,52.7599983215332,3.0,54.0
945,62,4.599999904632568,114.4000015258789,115.0
770,313,94.31999969482422,19.639999389648438,110.27999877929688
365,199,6.039999961853027,79.5999984741211,82.80000305175781
183,809,109.08000183105469,8.880000114440918,114.04000091552734
757,648,81.91999816894531,11.720000267028809,90.55999755859375
666,898,4.71999979019165,106.87999725341797,107.91999816894531
101,610,55.20000076293945,3.0,56.31999969482422
151,51,84.68000030517578,5.199999809265137,87.04000091552734
570,287,125.91999816894531,5.039999961853027,126.63999938964844
673,467,243.1199951171875,9.720000267028809,244.60000610351562
370,981,29.31999969482422,42.36000061035156,69.36000061035156
917,212,36.84000015258789,41.36000061035156,75.80000305175781
490,469,189.0800018310547,16.0,198.32000732421875
409,736,20.639999389648438,40.720001220703125,59.52000045776367
274,968,107.4000015258789,10.920000076293945,114.44000244140625
243,547,80.0,4.920000076293945,81.80000305175781
768,620,111.83999633789062,5.239999771118164,113.23999786376953
12,725,4.039999961853027,211.72000122070312,208.75999450683594
147,582,86.76000213623047,4.559999942779541,88.4000015258789
947,389,4.0,194.0,191.55999755859375
934,197,4.880000114440918,80.68000030517578,82.72000122070312
597,654,25.399999618530273,63.040000915527344,85.5999984741211
42,729,56.0,24.040000915527344,77.44000244140625
858,365,4.960000038146973,73.16000366210938,75.44000244140625
863,198,3.319999933242798,60.68000030517578,61.880001068115234
182,965,38.20000076293945,15.199999809265137,51.47999954223633
252,894,133.55999755859375,4.400000095367432,133.55999755859375
75,40,15.319999694824219,86.44000244140625,98.4800033569336
525,477,8.4399995803833,203.36000061035156,204.8800048828125
194,865,4.0,73.27999877929688,75.08000183105469
990,153,3.0399999618530273,182.16000366210938,179.47999572753906
422,891,165.63999938964844,6.960000038146973,167.0
481,48,12.239999771118164,114.80000305175781,122.95999908447266
549,322,11.399999618530273,55.20000076293945,64.63999938964844
1014,731,143.67999267578125,19.360000610351562,157.67999267578125
96,400,10.800000190734863,58.15999984741211,66.63999938964844
442,805,5.440000057220459,100.19999694824219,102.08000183105469
329,312,4.0,128.75999450683594,128.24000549316406
806,726,128.0800018310547,10.520000457763672,134.1199951171875
863,543,4.0,172.75999450683594,170.83999633789062
895,316,3.9600000381469727,153.47999572753906,152.1199951171875
448,836,3.759999990463257,76.04000091552734,77.16000366210938
997,495,3.0,148.67999267578125,146.8800048828125
166,918,73.12000274658203,5.119999885559082,75.80000305175781
914,992,3.9600000381469727,231.24000549316406,227.24000549316406
364,197,5.599999904632568,62.52000045776367,65.87999725341797
633,162,4.679999828338623,84.5999984741211,86.27999877929688
871,202,5.0,57.84000015258789,60.84000015258789
75,134,26.799999237060547,34.91999816894531,59.560001373291016
233,487,3.880000114440918,97.4000015258789,97.91999816894531
529,133,14.880000114440918,74.4800033569336,86.5999984741211
602,231,180.52000427246094,5.760000228881836,180.1199951171875
498,49,65.23999786376953,17.399999618530273,79.87999725341797
166,804,27.760000228881836,42.47999954223633,67.91999816894531
142,559,109.16000366210938,12.479999542236328,117.5199966430664
142,976,5.400000095367432,50.2400016784668,53.7599983215332
295,201,3.240000009536743,89.36000061035156,89.76000213623047
551,112,71.83999633789062,4.039999961853027,73.31999969482422
665,148,89.87999725341797,10.399999618530273,97.04000091552734
164,812,16.760000228881836,74.31999969482422,88.04000091552734
191,373,3.119999885559082,101.5999984741211,101.4800033569336
512,154,7.480000019073486,165.72000122070312,167.67999267578125
755,387,4.079999923706055,159.0800018310547,158.1199951171875
331,658,3.119999885559082,110.04000091552734,109.76000213623047
12,399,5.199999809265137,112.12000274658203,113.44000244140625
673,486,64.4000015258789,12.760000228881836,74.5999984741211
648,629,122.4000015258789,8.399999618530273,126.4800033569336
372,294,100.91999816894531,8.319999694824219,105.72000122070312
384,786,129.8800048828125,3.0,128.75999450683594
938,219,10.720000267028809,208.0,211.44000244140625
678,228,8.920000076293945,110.36000061035156,115.27999877929688
10,230,13.0,55.31999969482422,66.19999694824219
846,474,104.5199966430664,12.84000015258789,113.55999755859375
542,244,63.959999084472656,8.5600004196167,70.19999694824219
211,888,17.440000534057617,78.36000061035156,92.80000305175781
559,908,32.560001373291016,24.360000610351562,54.959999084472656
779,701,3.9600000381469727,50.15999984741211,52.0
118,954,51.47999954223633,3.0399999618530273,53.08000183105469
93,61,10.359999656677246,89.5999984741211,96.4800033569336
1005,737,241.47999572753906,7.71999979019165,241.0399932861328
733,888,78.16000366210938,27.959999084472656,102.55999755859375
762,636,222.75999450683594,7.920000076293945,223.1999969482422
867,909,5.760000228881836,51.52000045776367,55.439998626708984
206,969,247.36000061035156,8.640000343322754,247.67999267578125
258,67,93.5999984741211,17.8799991607666,107.83999633789062
785,978,85.27999877929688,41.7599983215332,122.91999816894531
633,37,18.1200008392334,37.2400016784668,53.36000061035156
694,480,27.600000381469727,114.5199966430664,137.55999755859375
930,568,43.720001220703125,35.84000015258789,76.91999816894531
150,73,70.63999938964844,3.5199999809265137,71.76000213623047
1012,487,6.519999980926514,156.1199951171875,157.24000549316406
831,961,44.599998474121094,14.5600004196167,57.47999954223633
76,717,41.560001373291016,46.119998931884766,84.76000213623047
115,225,10.079999923706055,117.4000015258789,123.4000015258789
57,889,158.83999633789062,4.0,157.52000427246094
894,302,4.519999980926514,65.68000030517578,67.91999816894531
164,314,8.800000190734863,135.55999755859375,139.67999267578125
308,880,5.239999771118164,143.44000244140625,143.8000030517578
845,738,19.600000381469727,41.880001068115234,59.279998779296875
38,393,54.400001525878906,25.479999542236328,77.4800033569336
68,910,59.63999938964844,4.0,61.599998474121094
722,58,58.400001525878906,6.840000152587891,63.0
402,309,68.63999938964844,48.560001373291016,113.36000061035156
451,481,11.760000228881836,103.19999694824219,111.0
291,214,4.0,237.32000732421875,233.44000244140625
720,390,100.12000274658203,5.159999847412109,101.72000122070312
257,897,86.0,5.400000095367432,88.31999969482422
713,382,102.19999694824219,4.400000095367432,103.16000366210938
46,999,6.559999942779541,74.0,78.0
735,635,15.720000267028809,43.08000183105469,56.880001068115234
36,986,34.040000915527344,70.4800033569336,101.36000061035156
469,700,4.880000114440918,81.4800033569336,83.5999984741211
667,626,200.0399932861328,3.0399999618530273,196.60000610351562
491,720,16.31999969482422,86.63999938964844,99.63999938964844
286,136,214.52000427246094,8.640000343322754,215.75999450683594
808,666,4.039999961853027,70.19999694824219,71.91999816894531
286,736,12.119999885559082,58.47999954223633,68.08000183105469
710,69,136.0800018310547,3.440000057220459,135.0
676,638,83.4000015258789,4.440000057220459,85.04000091552734
610,732,83.68000030517578,15.880000114440918,96.36000061035156
38,902,106.12000274658203,8.680000305175781,110.87999725341797
829,398,75.5199966430664,29.520000457763672,101.68000030517578
647,643,64.5199966430664,15.199999809265137,77.04000091552734
118,391,42.47999954223633,30.079999923706055,70.16000366210938
771,380,5.079999923706055,191.83999633789062,190.47999572753906
65,882,55.15999984741211,5.0,58.119998931884766
948,790,183.44000244140625,3.0399999618530273,180.67999267578125
841,648,59.36000061035156,9.199999809265137,66.31999969482422
197,955,80.68000030517578,4.639999866485596,82.68000030517578
247,713,45.68000030517578,10.199999809265137,54.119998931884766
331,233,194.47999572753906,7.639999866485596,195.39999389648438
446,73,76.80000305175781,10.760000228881836,84.72000122070312
802,752,50.84000015258789,4.920000076293945,53.959999084472656
521,995,3.119999885559082,83.19999694824219,83.72000122070312
875,399,63.20000076293945,13.319999694824219,74.08000183105469
141,244,100.76000213623047,5.28000020980835,102.63999938964844
90,460,81.80000305175781,8.0,86.83999633789062
427,75,141.27999877929688,5.0,141.39999389648438
535,395,76.76000213623047,5.639999866485596,79.72000122070312
725,813,11.4399995803833,115.44000244140625,122.76000213623047
170,543,21.1200008392334,52.279998779296875,71.16000366210938
627,141,6.559999942779541,153.36000061035156,154.63999938964844
936,118,172.0399932861328,3.680000066757202,169.8800048828125
56,810,4.0,128.63999938964844,128.24000549316406
92,115,61.47999954223633,4.360000133514404,63.79999923706055
13,793,156.39999389648438,3.0,154.39999389648438
59,995,5.039999961853027,125.16000366210938,125.91999816894531
332,989,3.9600000381469727,90.95999908447266,91.68000030517578
778,957,101.0,7.440000057220459,105.04000091552734
821,559,61.2400016784668,6.71999979019165,65.72000122070312
848,636,210.1999969482422,4.71999979019165,207.9199981689453
676,786,90.55999755859375,4.960000038146973,92.44000244140625
376,46,4.0,173.52000427246094,171.52000427246094
453,831,5.119999885559082,84.80000305175781,86.95999908447266
901,805,10.4399995803833,148.27999877929688,153.55999755859375
765,885,8.0,212.32000732421875,213.0800018310547
781,556,48.15999984741211,27.639999389648438,73.27999877929688
253,574,61.63999938964844,4.039999961853027,63.439998626708984
995,643,8.960000038146973,215.24000549316406,216.75999450683594
435,641,9.600000381469727,155.8800048828125,160.0
761,481,55.84000015258789,4.079999923706055,58.279998779296875
233,491,3.240000009536743,87.55999755859375,88.12000274658203
366,107,51.7599983215332,3.119999885559082,53.279998779296875
276,298,216.72000122070312,5.360000133514404,214.67999267578125
287,49,8.920000076293945,178.39999389648438,181.1199951171875
601,62,71.83999633789062,17.600000381469727,86.55999755859375
845,815,47.2400016784668,23.520000457763672,68.55999755859375
865,551,4.920000076293945,232.0800018310547,229.27999877929688
806,58,210.0399932861328,9.0,211.83999633789062
766,310,143.55999755859375,13.279999732971191,151.83999633789062
94,365,4.480000019073486,101.12000274658203,102.12000274658203
926,884,39.880001068115234,49.279998779296875,86.16000366210938
613,729,103.31999969482422,13.520000457763672,113.04000091552734
632,998,5.039999961853027,61.52000045776367,64.31999969482422
701,494,6.960000038146973,105.19999694824219,108.27999877929688
945,895,12.760000228881836,132.44000244140625,140.44000244140625
863,547,4.079999923706055,219.52000427246094,216.32000732421875
303,564,7.599999904632568,114.12000274658203,117.5999984741211
776,982,121.0,16.959999084472656,133.27999877929688
660,304,170.8800048828125,4.199999809265137,169.27999877929688
851,488,44.31999969482422,10.84000015258789,53.52000045776367
336,479,7.880000114440918,220.83999633789062,221.24000549316406
941,400,5.0,62.36000061035156,65.23999786376953
469,623,188.9199981689453,4.0,186.55999755859375
656,299,230.16000366210938,4.599999904632568,227.0800018310547
674,797,222.63999938964844,7.119999885559082,222.24000549316406
580,811,80.83999633789062,4.239999771118164,82.4800033569336
883,127,24.15999984741211,56.400001525878906,77.91999816894531
230,56,103.76000213623047,13.0,112.87999725341797
197,613,50.119998931884766,4.0,52.279998779296875
742,223,23.600000381469727,111.91999816894531,130.8800048828125
109,628,124.27999877929688,3.5199999809265137,123.4800033569336
6,472,141.1999969482422,4.0,140.52000427246094
248,892,166.67999267578125,4.0,165.24000549316406
441,738,231.32000732421875,7.71999979019165,231.1199951171875
424,291,10.5600004196167,46.52000045776367,55.2400016784668
298,972,135.83999633789062,4.0,135.1999969482422
770,560,16.440000534057617,67.87999725341797,81.44000244140625
299,793,174.27999877929688,6.440000057220459,174.75999450683594
294,798,219.1199951171875,6.679999828338623,218.52000427246094
90,956,120.19999694824219,4.71999979019165,121.0
749,783,81.5199966430664,3.9200000762939453,82.4800033569336
997,819,3.8399999141693115,182.67999267578125,180.1199951171875
12,900,10.199999809265137,72.72000122070312,80.36000061035156
89,739,25.31999969482422,34.0,57.31999969482422
814,881,65.4000015258789,5.0,67.63999938964844
155,1003,3.0,94.16000366210938,93.76000213623047
76,836,4.119999885559082,58.20000076293945,60.15999984741211
619,320,6.079999923706055,162.24000549316406,162.72000122070312
758,309,147.16000366210938,9.680000305175781,151.55999755859375
197,616,69.12000274658203,4.0,71.0
16,633,240.60000610351562,9.479999542236328,241.75999450683594
672,479,135.0800018310547,12.079999923706055,142.27999877929688
816,388,136.0,14.960000038146973,146.0
79,749,45.720001220703125,8.039999961853027,52.0
231,477,4.920000076293945,65.5199966430664,68.12000274658203
941,647,65.12000274658203,16.040000915527344,78.44000244140625
